design,tier,feature,auc,pr_auc,mcc
matched,N1,gc,0.8601,0.7269,0.4321
matched,N1,1mer,0.8611,0.7401,0.4321
matched,N1,2mer,0.8575,0.7307,0.2683
matched,N1,3mer,0.8628,0.7412,0.0
matched,N1,4mer,0.8606,0.7359,0.0
matched,N2,gc,0.5516,0.3302,0.0
matched,N2,1mer,0.5815,0.2928,0.0
matched,N2,2mer,0.6839,0.4173,0.0
matched,N2,3mer,0.7214,0.4557,0.0
matched,N2,4mer,0.7343,0.4832,0.0
matched,N3a,gc,0.4684,0.23,0.0
matched,N3a,1mer,0.4266,0.2326,0.0
matched,N3a,2mer,0.8803,0.7559,0.0
matched,N3a,3mer,0.8997,0.8069,0.0
matched,N3a,4mer,0.9117,0.8319,0.0
matched,N3b,gc,0.4669,0.2285,0.0
matched,N3b,1mer,0.4309,0.233,0.0
matched,N3b,2mer,0.7064,0.4923,0.0
matched,N3b,3mer,0.7955,0.6293,0.0
matched,N3b,4mer,0.8327,0.6924,0.0
matched,N4,gc,0.8431,0.6912,0.3696
matched,N4,1mer,0.8388,0.6959,0.3696
matched,N4,2mer,0.8452,0.7197,0.2305
matched,N4,3mer,0.861,0.7515,0.0
matched,N4,4mer,0.8638,0.756,0.0
matched,N5,gc,0.7868,0.8624,0.6908
matched,N5,1mer,0.7844,0.8622,0.6064
matched,N5,2mer,0.8396,0.8936,0.6778
matched,N5,3mer,0.8689,0.9062,0.6187
matched,N5,4mer,0.8741,0.905,0.6064
fixed_from_N1,N1,gc,0.8601,0.7269,0.4321
fixed_from_N1,N1,1mer,0.8611,0.7401,0.4321
fixed_from_N1,N1,2mer,0.8575,0.7307,0.2683
fixed_from_N1,N1,3mer,0.8628,0.7412,0.0
fixed_from_N1,N1,4mer,0.8606,0.7359,0.0
fixed_from_N1,N2,gc,0.5516,0.3302,0.0275
fixed_from_N1,N2,1mer,0.5558,0.3375,0.0448
fixed_from_N1,N2,2mer,0.5515,0.3278,0.0804
fixed_from_N1,N2,3mer,0.5645,0.3166,0.0
fixed_from_N1,N2,4mer,0.5868,0.3307,0.0
fixed_from_N1,N3a,gc,0.5316,0.2688,0.019
fixed_from_N1,N3a,1mer,0.5328,0.273,0.019
fixed_from_N1,N3a,2mer,0.523,0.2748,0.0119
fixed_from_N1,N3a,3mer,0.5145,0.2757,0.0
fixed_from_N1,N3a,4mer,0.4733,0.2572,0.0
fixed_from_N1,N3b,gc,0.5331,0.2669,-0.0079
fixed_from_N1,N3b,1mer,0.5341,0.2705,0.0
fixed_from_N1,N3b,2mer,0.5237,0.2709,-0.0113
fixed_from_N1,N3b,3mer,0.5173,0.2829,0.0
fixed_from_N1,N3b,4mer,0.4783,0.2584,0.0
fixed_from_N1,N4,gc,0.8431,0.6912,0.4188
fixed_from_N1,N4,1mer,0.8426,0.6989,0.4188
fixed_from_N1,N4,2mer,0.8448,0.7048,0.2493
fixed_from_N1,N4,3mer,0.8574,0.7275,0.0
fixed_from_N1,N4,4mer,0.8629,0.749,0.0
fixed_from_N1,N5,gc,0.2132,0.4148,-0.4319
fixed_from_N1,N5,1mer,0.2145,0.415,-0.3797
fixed_from_N1,N5,2mer,0.2158,0.389,-0.1151
fixed_from_N1,N5,3mer,0.2321,0.3843,0.0
fixed_from_N1,N5,4mer,0.2831,0.4022,0.0
