design,tier,seed,auc
matched,N1,0,0.8632
matched,N1,1,0.8778
matched,N1,2,0.881
matched,N1,3,0.8754
matched,N1,4,0.8638
matched,N2,0,0.7327
matched,N2,1,0.7494
matched,N2,2,0.7481
matched,N2,3,0.7367
matched,N2,4,0.7265
matched,N3a,0,0.9303
matched,N3a,1,0.9453
matched,N3a,2,0.9393
matched,N3a,3,0.9221
matched,N3a,4,0.912
matched,N3b,0,0.6632
matched,N3b,1,0.8817
matched,N3b,2,0.8519
matched,N3b,3,0.8625
matched,N3b,4,0.6924
matched,N4,0,0.8553
matched,N4,1,0.8604
matched,N4,2,0.8511
matched,N4,3,0.8656
matched,N4,4,0.879
matched,N5,0,0.8339
matched,N5,1,0.8357
matched,N5,2,0.8311
matched,N5,3,0.8549
matched,N5,4,0.8517
fixed_from_N1,N1,-1,0.8723
fixed_from_N1,N2,-1,0.6204
fixed_from_N1,N3a,-1,0.4767
fixed_from_N1,N3b,-1,0.4804
fixed_from_N1,N4,-1,0.8684
fixed_from_N1,N5,-1,0.3141
