kmer,gc_percent,coefficient
CCGG,100.0,0.701769
CCCG,100.0,0.636983
CGGG,100.0,0.547841
CCCC,100.0,0.497356
CCGC,100.0,0.453901
GGGC,100.0,0.414423
CGCG,100.0,0.410626
GCCC,100.0,0.384253
GGGG,100.0,0.374777
CGCC,100.0,0.337917
GCGC,100.0,0.328268
GGCC,100.0,0.305402
CGGC,100.0,0.294681
GCCG,100.0,0.282022
GCGG,100.0,0.25004
ACGG,75.0,0.215418
TCCG,75.0,0.213336
TCCC,75.0,0.20942
GGCG,100.0,0.203006
CGGA,75.0,0.192061
GGCA,75.0,0.17004
ACGC,75.0,0.169644
GGAA,50.0,0.166838
CACG,75.0,0.144143
ACCC,75.0,0.137901
CGGT,75.0,0.136578
GCAC,75.0,0.135727
TTTC,25.0,0.129193
CGCA,75.0,0.12701
GCAG,75.0,0.116312
GGGA,75.0,0.115759
CCAC,75.0,0.115501
GAAA,25.0,0.115387
GGGT,75.0,0.111518
ACCG,75.0,0.110628
GCGA,75.0,0.110236
AGCC,75.0,0.104723
GTCC,75.0,0.098669
GAAT,25.0,0.09588
TTCC,50.0,0.093536
GTTT,25.0,0.079274
GGAC,75.0,0.075978
AGGG,75.0,0.0704
CCGA,75.0,0.07009
AATT,0.0,0.067351
AACC,50.0,0.066369
AGGC,75.0,0.060873
AAAG,25.0,0.060588
AATG,25.0,0.060573
GCCT,75.0,0.060292
CTCC,75.0,0.058704
ACAC,50.0,0.058245
CACC,75.0,0.058012
GGCT,75.0,0.055343
AATC,25.0,0.054379
TATT,0.0,0.05409
AAAC,25.0,0.054017
CCCT,75.0,0.045464
GGTG,75.0,0.045388
CAGG,75.0,0.044833
CCCA,75.0,0.044403
GTGC,75.0,0.043074
ATAC,25.0,0.04286
ATTT,0.0,0.042132
CCTG,75.0,0.04196
CTAA,25.0,0.039769
GCCA,75.0,0.037436
CCTC,75.0,0.037156
AAAT,0.0,0.036899
AGAG,50.0,0.03628
TTTA,0.0,0.035407
TAAT,0.0,0.034767
GTAT,25.0,0.034056
CAAT,25.0,0.03289
TAAA,0.0,0.02945
CTAG,50.0,0.029319
GGTC,75.0,0.028676
GTAA,25.0,0.028581
ATTC,25.0,0.028451
CTTT,25.0,0.027277
CCTA,50.0,0.02608
GTGA,50.0,0.026059
TTAG,25.0,0.024866
TGGG,75.0,0.0248
ATTA,0.0,0.024586
CATA,25.0,0.024052
TCGG,75.0,0.023839
TTAT,0.0,0.023754
GCTA,50.0,0.023559
CTGC,75.0,0.022499
ATAA,0.0,0.021232
ATAG,25.0,0.019809
AGCG,75.0,0.01912
TTTT,0.0,0.018876
GATA,25.0,0.017859
AACG,50.0,0.014986
GACA,50.0,0.014825
AATA,0.0,0.014742
TATA,0.0,0.01431
GAGG,75.0,0.014177
GAAC,50.0,0.013055
CCGT,75.0,0.012353
TGCG,75.0,0.012195
ATTG,25.0,0.011533
TAAC,25.0,0.011096
CGCT,75.0,0.010786
CAAA,25.0,0.010007
AAGG,50.0,0.009883
GATT,25.0,0.009465
TGCC,75.0,0.009374
CACA,50.0,0.008967
TTAC,25.0,0.008597
CAGC,75.0,0.007058
CGTG,75.0,0.006021
CGAG,75.0,0.005756
AGTG,50.0,0.005617
ATCC,50.0,0.004852
GGTT,50.0,0.002918
CGAA,50.0,0.002622
TAAG,25.0,0.002025
CACT,50.0,0.001909
GTGG,75.0,0.001179
TACC,50.0,0.000239
GGTA,50.0,-0.003128
CTTA,25.0,-0.004723
GACC,75.0,-0.005164
TAGC,50.0,-0.006393
AGAA,25.0,-0.006557
GCTG,75.0,-0.007895
GTTA,25.0,-0.008707
CAGA,50.0,-0.010292
TTAA,0.0,-0.010653
TTTG,25.0,-0.012567
ATAT,0.0,-0.014523
TATG,25.0,-0.015069
CTAT,25.0,-0.01705
TACG,50.0,-0.017182
TCAG,50.0,-0.021473
GGAT,50.0,-0.023536
CTGA,50.0,-0.023749
CATT,25.0,-0.024194
AAAA,0.0,-0.026055
GCAA,50.0,-0.027796
TATC,25.0,-0.030446
TCTA,25.0,-0.030664
ATCG,50.0,-0.03074
ACTG,50.0,-0.031576
TGTG,50.0,-0.032305
AACA,25.0,-0.033633
ACAT,25.0,-0.034089
TAGT,25.0,-0.035871
CCAA,50.0,-0.0367
GAGT,50.0,-0.036743
CTGT,50.0,-0.03738
AGAC,50.0,-0.039727
GTCA,50.0,-0.040063
GAGC,75.0,-0.040786
ACTC,50.0,-0.041005
GCGT,75.0,-0.04207
TAGG,50.0,-0.0426
TCGC,75.0,-0.043142
TGGC,75.0,-0.044578
ACAG,50.0,-0.045023
ACTA,25.0,-0.046427
AGTA,25.0,-0.046478
TAGA,25.0,-0.047843
CCAT,50.0,-0.048709
ACCT,50.0,-0.049894
AGGT,50.0,-0.05032
TTCG,50.0,-0.050503
GAGA,50.0,-0.050979
AGCA,50.0,-0.051634
AGGA,50.0,-0.053099
TCCA,50.0,-0.053579
ACAA,25.0,-0.054792
TGCT,50.0,-0.055435
TACT,25.0,-0.055581
GACT,50.0,-0.0567
CAGT,50.0,-0.057577
ATGC,50.0,-0.05772
ATGG,50.0,-0.058889
GTGT,50.0,-0.059155
CTCT,50.0,-0.062294
GCAT,50.0,-0.065761
AAGC,50.0,-0.066644
CCAG,75.0,-0.067381
TGTC,50.0,-0.067867
TTGT,25.0,-0.072042
TACA,25.0,-0.072603
GGAG,75.0,-0.073726
GCTT,50.0,-0.074584
CTAC,50.0,-0.077886
ACCA,50.0,-0.080583
TGAG,50.0,-0.084421
GCTC,75.0,-0.087561
CATC,50.0,-0.087586
AAGA,25.0,-0.089531
CTCA,50.0,-0.089647
AGTT,25.0,-0.092142
TCAA,25.0,-0.092196
GACG,75.0,-0.094488
AACT,25.0,-0.095305
TTGG,50.0,-0.095894
TGCA,50.0,-0.096654
TGAC,50.0,-0.097443
CTGG,75.0,-0.098204
CGTA,50.0,-0.098472
CGAC,75.0,-0.098758
ACTT,25.0,-0.099855
AGTC,50.0,-0.104325
GTCT,50.0,-0.105798
TCAC,50.0,-0.106208
TCCT,50.0,-0.108531
TGAT,25.0,-0.110242
ATCA,25.0,-0.111367
TGGT,50.0,-0.114124
AAGT,25.0,-0.115537
TGTA,25.0,-0.118005
CAAC,50.0,-0.12059
GTAC,50.0,-0.121898
TGGA,50.0,-0.122407
TGTT,25.0,-0.125975
CAAG,50.0,-0.126926
TTGC,50.0,-0.1284
TCTC,50.0,-0.133547
CTCG,75.0,-0.1352
CGTC,75.0,-0.137876
GTTC,50.0,-0.140477
TGAA,25.0,-0.14324
ACGA,50.0,-0.153122
CGAT,50.0,-0.155175
TCTG,50.0,-0.155902
CCTT,50.0,-0.156684
ATCT,25.0,-0.158111
TTCA,25.0,-0.158543
ATGT,25.0,-0.16227
AGCT,50.0,-0.163922
CGTT,50.0,-0.166141
ACGT,50.0,-0.173344
TCAT,25.0,-0.175101
AGAT,25.0,-0.183652
ATGA,25.0,-0.189386
TTCT,25.0,-0.190742
TCTT,25.0,-0.196806
TCGT,50.0,-0.198004
GAAG,50.0,-0.201271
GTAG,50.0,-0.2051
GATC,50.0,-0.22655
CATG,50.0,-0.23263
CTTG,50.0,-0.242112
GTCG,75.0,-0.251952
TTGA,25.0,-0.254741
TCGA,50.0,-0.261169
GATG,50.0,-0.286197
GTTG,50.0,-0.311468
CTTC,50.0,-0.315025
